[
{
  "model": "admin.logentry",
  "pk": 1,
  "fields": {
    "action_time": "2022-09-30T15:51:02.791Z",
    "user": 1,
    "content_type": 7,
    "object_id": "1",
    "object_repr": "Молоко",
    "action_flag": 1,
    "change_message": "[{\"added\": {}}]"
  }
},
{
  "model": "admin.logentry",
  "pk": 2,
  "fields": {
    "action_time": "2022-09-30T15:52:03.133Z",
    "user": 1,
    "content_type": 7,
    "object_id": "2",
    "object_repr": "Сок вишневый",
    "action_flag": 1,
    "change_message": "[{\"added\": {}}]"
  }
},
{
  "model": "admin.logentry",
  "pk": 3,
  "fields": {
    "action_time": "2022-09-30T15:52:52.857Z",
    "user": 1,
    "content_type": 7,
    "object_id": "3",
    "object_repr": "Говядина",
    "action_flag": 1,
    "change_message": "[{\"added\": {}}]"
  }
},
{
  "model": "admin.logentry",
  "pk": 4,
  "fields": {
    "action_time": "2022-09-30T15:53:52.092Z",
    "user": 1,
    "content_type": 7,
    "object_id": "4",
    "object_repr": "Булочка",
    "action_flag": 1,
    "change_message": "[{\"added\": {}}]"
  }
},
{
  "model": "admin.logentry",
  "pk": 5,
  "fields": {
    "action_time": "2022-09-30T15:54:37.119Z",
    "user": 1,
    "content_type": 7,
    "object_id": "5",
    "object_repr": "Халва",
    "action_flag": 1,
    "change_message": "[{\"added\": {}}]"
  }
},
{
  "model": "admin.logentry",
  "pk": 6,
  "fields": {
    "action_time": "2022-09-30T15:55:49.140Z",
    "user": 1,
    "content_type": 7,
    "object_id": "6",
    "object_repr": "Бисквитный пирог",
    "action_flag": 1,
    "change_message": "[{\"added\": {}}]"
  }
},
{
  "model": "admin.logentry",
  "pk": 7,
  "fields": {
    "action_time": "2022-10-14T18:35:15.051Z",
    "user": 1,
    "content_type": 7,
    "object_id": "7",
    "object_repr": "Мороженое",
    "action_flag": 1,
    "change_message": "[{\"added\": {}}]"
  }
},
{
  "model": "admin.logentry",
  "pk": 8,
  "fields": {
    "action_time": "2022-10-14T19:30:56.934Z",
    "user": 1,
    "content_type": 7,
    "object_id": "8",
    "object_repr": "Кока-кола",
    "action_flag": 1,
    "change_message": "[{\"added\": {}}]"
  }
},
{
  "model": "admin.logentry",
  "pk": 9,
  "fields": {
    "action_time": "2022-10-14T19:33:20.618Z",
    "user": 1,
    "content_type": 7,
    "object_id": "9",
    "object_repr": "Жвачка",
    "action_flag": 1,
    "change_message": "[{\"added\": {}}]"
  }
},
{
  "model": "admin.logentry",
  "pk": 10,
  "fields": {
    "action_time": "2022-10-14T19:34:38.467Z",
    "user": 1,
    "content_type": 7,
    "object_id": "10",
    "object_repr": "Утюг",
    "action_flag": 1,
    "change_message": "[{\"added\": {}}]"
  }
},
{
  "model": "admin.logentry",
  "pk": 11,
  "fields": {
    "action_time": "2022-10-14T19:35:53.000Z",
    "user": 1,
    "content_type": 7,
    "object_id": "11",
    "object_repr": "шоколад",
    "action_flag": 1,
    "change_message": "[{\"added\": {}}]"
  }
},
{
  "model": "admin.logentry",
  "pk": 12,
  "fields": {
    "action_time": "2022-10-14T19:37:37.264Z",
    "user": 1,
    "content_type": 7,
    "object_id": "12",
    "object_repr": "Семена чиа",
    "action_flag": 1,
    "change_message": "[{\"added\": {}}]"
  }
},
{
  "model": "admin.logentry",
  "pk": 13,
  "fields": {
    "action_time": "2022-10-14T19:38:52.623Z",
    "user": 1,
    "content_type": 7,
    "object_id": "13",
    "object_repr": "Кефир",
    "action_flag": 1,
    "change_message": "[{\"added\": {}}]"
  }
},
{
  "model": "admin.logentry",
  "pk": 14,
  "fields": {
    "action_time": "2022-10-14T19:40:07.169Z",
    "user": 1,
    "content_type": 7,
    "object_id": "14",
    "object_repr": "Семечки",
    "action_flag": 1,
    "change_message": "[{\"added\": {}}]"
  }
},
{
  "model": "admin.logentry",
  "pk": 15,
  "fields": {
    "action_time": "2022-10-14T19:41:20.332Z",
    "user": 1,
    "content_type": 7,
    "object_id": "15",
    "object_repr": "Огурцы",
    "action_flag": 1,
    "change_message": "[{\"added\": {}}]"
  }
},
{
  "model": "admin.logentry",
  "pk": 16,
  "fields": {
    "action_time": "2022-10-14T19:42:16.109Z",
    "user": 1,
    "content_type": 7,
    "object_id": "16",
    "object_repr": "тыква",
    "action_flag": 1,
    "change_message": "[{\"added\": {}}]"
  }
},
{
  "model": "admin.logentry",
  "pk": 17,
  "fields": {
    "action_time": "2022-10-15T17:38:00.188Z",
    "user": 1,
    "content_type": 8,
    "object_id": "1",
    "object_repr": "ProductInCart object (1)",
    "action_flag": 1,
    "change_message": "[{\"added\": {}}]"
  }
},
{
  "model": "admin.logentry",
  "pk": 18,
  "fields": {
    "action_time": "2022-10-15T17:38:22.049Z",
    "user": 1,
    "content_type": 8,
    "object_id": "2",
    "object_repr": "ProductInCart object (2)",
    "action_flag": 1,
    "change_message": "[{\"added\": {}}]"
  }
},
{
  "model": "admin.logentry",
  "pk": 19,
  "fields": {
    "action_time": "2022-10-15T17:49:25.650Z",
    "user": 1,
    "content_type": 8,
    "object_id": "3",
    "object_repr": "Халва",
    "action_flag": 1,
    "change_message": "[{\"added\": {}}]"
  }
},
{
  "model": "admin.logentry",
  "pk": 20,
  "fields": {
    "action_time": "2022-10-15T17:53:26.161Z",
    "user": 1,
    "content_type": 8,
    "object_id": "4",
    "object_repr": "Кока-кола 1",
    "action_flag": 1,
    "change_message": "[{\"added\": {}}]"
  }
},
{
  "model": "admin.logentry",
  "pk": 21,
  "fields": {
    "action_time": "2022-10-15T19:49:24.932Z",
    "user": 1,
    "content_type": 7,
    "object_id": "9",
    "object_repr": "Жвачка",
    "action_flag": 2,
    "change_message": "[{\"changed\": {\"fields\": [\"\\u041e\\u0441\\u0442\\u0430\\u0442\\u043e\\u043a\"]}}]"
  }
},
{
  "model": "admin.logentry",
  "pk": 22,
  "fields": {
    "action_time": "2022-10-15T19:49:49.801Z",
    "user": 1,
    "content_type": 8,
    "object_id": "5",
    "object_repr": "Жвачка: 3",
    "action_flag": 2,
    "change_message": "[{\"changed\": {\"fields\": [\"\\u041a\\u043e\\u043b\\u0438\\u0447\\u0435\\u0441\\u0442\\u0432\\u043e\"]}}]"
  }
},
{
  "model": "admin.logentry",
  "pk": 23,
  "fields": {
    "action_time": "2022-10-15T19:50:04.008Z",
    "user": 1,
    "content_type": 8,
    "object_id": "5",
    "object_repr": "Жвачка: 5",
    "action_flag": 2,
    "change_message": "[{\"changed\": {\"fields\": [\"\\u041a\\u043e\\u043b\\u0438\\u0447\\u0435\\u0441\\u0442\\u0432\\u043e\"]}}]"
  }
},
{
  "model": "admin.logentry",
  "pk": 24,
  "fields": {
    "action_time": "2022-10-15T19:50:17.099Z",
    "user": 1,
    "content_type": 7,
    "object_id": "9",
    "object_repr": "Жвачка",
    "action_flag": 2,
    "change_message": "[]"
  }
},
{
  "model": "admin.logentry",
  "pk": 25,
  "fields": {
    "action_time": "2022-10-15T19:51:14.118Z",
    "user": 1,
    "content_type": 7,
    "object_id": "17",
    "object_repr": "Геркулесовая каша",
    "action_flag": 2,
    "change_message": "[{\"changed\": {\"fields\": [\"\\u041e\\u0441\\u0442\\u0430\\u0442\\u043e\\u043a\"]}}]"
  }
},
{
  "model": "admin.logentry",
  "pk": 26,
  "fields": {
    "action_time": "2022-10-15T19:51:35.139Z",
    "user": 1,
    "content_type": 8,
    "object_id": "6",
    "object_repr": "Геркулесовая каша: 4",
    "action_flag": 1,
    "change_message": "[{\"added\": {}}]"
  }
},
{
  "model": "admin.logentry",
  "pk": 27,
  "fields": {
    "action_time": "2022-10-15T20:02:23.655Z",
    "user": 1,
    "content_type": 7,
    "object_id": "17",
    "object_repr": "Геркулесовая каша",
    "action_flag": 2,
    "change_message": "[{\"changed\": {\"fields\": [\"\\u041e\\u0441\\u0442\\u0430\\u0442\\u043e\\u043a\"]}}]"
  }
},
{
  "model": "admin.logentry",
  "pk": 28,
  "fields": {
    "action_time": "2022-10-16T03:58:48.748Z",
    "user": 1,
    "content_type": 7,
    "object_id": "18",
    "object_repr": "Колбаса",
    "action_flag": 1,
    "change_message": "[{\"added\": {}}]"
  }
},
{
  "model": "admin.logentry",
  "pk": 29,
  "fields": {
    "action_time": "2022-10-16T08:59:44.571Z",
    "user": 1,
    "content_type": 9,
    "object_id": "1",
    "object_repr": "admin: 2022-10-16 08:59:44.568569+00:00",
    "action_flag": 1,
    "change_message": "[{\"added\": {}}]"
  }
},
{
  "model": "admin.logentry",
  "pk": 30,
  "fields": {
    "action_time": "2022-10-16T09:36:56.471Z",
    "user": 1,
    "content_type": 9,
    "object_id": "1",
    "object_repr": "jjjjj: 2022-10-16 09:36:56.470802+00:00",
    "action_flag": 1,
    "change_message": "[{\"added\": {}}]"
  }
},
{
  "model": "admin.logentry",
  "pk": 31,
  "fields": {
    "action_time": "2022-10-16T09:39:20.793Z",
    "user": 1,
    "content_type": 9,
    "object_id": "1",
    "object_repr": "jjjjj: 2022-10-16 09:36:56.470802+00:00",
    "action_flag": 2,
    "change_message": "[]"
  }
},
{
  "model": "admin.logentry",
  "pk": 32,
  "fields": {
    "action_time": "2022-10-16T09:39:24.766Z",
    "user": 1,
    "content_type": 9,
    "object_id": "1",
    "object_repr": "jjjjj: 2022-10-16 09:36:56.470802+00:00",
    "action_flag": 2,
    "change_message": "[]"
  }
},
{
  "model": "admin.logentry",
  "pk": 33,
  "fields": {
    "action_time": "2022-10-16T09:42:26.404Z",
    "user": 1,
    "content_type": 10,
    "object_id": "3",
    "object_repr": "BookingProduct object (3)",
    "action_flag": 1,
    "change_message": "[{\"added\": {}}]"
  }
},
{
  "model": "admin.logentry",
  "pk": 34,
  "fields": {
    "action_time": "2022-10-16T09:42:55.800Z",
    "user": 1,
    "content_type": 9,
    "object_id": "2",
    "object_repr": "hjhj: 2022-10-16 09:42:55.799804+00:00",
    "action_flag": 1,
    "change_message": "[{\"added\": {}}]"
  }
},
{
  "model": "admin.logentry",
  "pk": 35,
  "fields": {
    "action_time": "2022-10-16T09:43:17.130Z",
    "user": 1,
    "content_type": 10,
    "object_id": "4",
    "object_repr": "BookingProduct object (4)",
    "action_flag": 1,
    "change_message": "[{\"added\": {}}]"
  }
},
{
  "model": "admin.logentry",
  "pk": 36,
  "fields": {
    "action_time": "2022-10-16T16:52:51.886Z",
    "user": 1,
    "content_type": 10,
    "object_id": "7",
    "object_repr": "BookingProduct object (7)",
    "action_flag": 2,
    "change_message": "[]"
  }
},
{
  "model": "admin.logentry",
  "pk": 37,
  "fields": {
    "action_time": "2022-10-16T16:53:03.222Z",
    "user": 1,
    "content_type": 10,
    "object_id": "6",
    "object_repr": "BookingProduct object (6)",
    "action_flag": 2,
    "change_message": "[]"
  }
},
{
  "model": "auth.permission",
  "pk": 1,
  "fields": {
    "name": "Can add log entry",
    "content_type": 1,
    "codename": "add_logentry"
  }
},
{
  "model": "auth.permission",
  "pk": 2,
  "fields": {
    "name": "Can change log entry",
    "content_type": 1,
    "codename": "change_logentry"
  }
},
{
  "model": "auth.permission",
  "pk": 3,
  "fields": {
    "name": "Can delete log entry",
    "content_type": 1,
    "codename": "delete_logentry"
  }
},
{
  "model": "auth.permission",
  "pk": 4,
  "fields": {
    "name": "Can view log entry",
    "content_type": 1,
    "codename": "view_logentry"
  }
},
{
  "model": "auth.permission",
  "pk": 5,
  "fields": {
    "name": "Can add permission",
    "content_type": 2,
    "codename": "add_permission"
  }
},
{
  "model": "auth.permission",
  "pk": 6,
  "fields": {
    "name": "Can change permission",
    "content_type": 2,
    "codename": "change_permission"
  }
},
{
  "model": "auth.permission",
  "pk": 7,
  "fields": {
    "name": "Can delete permission",
    "content_type": 2,
    "codename": "delete_permission"
  }
},
{
  "model": "auth.permission",
  "pk": 8,
  "fields": {
    "name": "Can view permission",
    "content_type": 2,
    "codename": "view_permission"
  }
},
{
  "model": "auth.permission",
  "pk": 9,
  "fields": {
    "name": "Can add group",
    "content_type": 3,
    "codename": "add_group"
  }
},
{
  "model": "auth.permission",
  "pk": 10,
  "fields": {
    "name": "Can change group",
    "content_type": 3,
    "codename": "change_group"
  }
},
{
  "model": "auth.permission",
  "pk": 11,
  "fields": {
    "name": "Can delete group",
    "content_type": 3,
    "codename": "delete_group"
  }
},
{
  "model": "auth.permission",
  "pk": 12,
  "fields": {
    "name": "Can view group",
    "content_type": 3,
    "codename": "view_group"
  }
},
{
  "model": "auth.permission",
  "pk": 13,
  "fields": {
    "name": "Can add user",
    "content_type": 4,
    "codename": "add_user"
  }
},
{
  "model": "auth.permission",
  "pk": 14,
  "fields": {
    "name": "Can change user",
    "content_type": 4,
    "codename": "change_user"
  }
},
{
  "model": "auth.permission",
  "pk": 15,
  "fields": {
    "name": "Can delete user",
    "content_type": 4,
    "codename": "delete_user"
  }
},
{
  "model": "auth.permission",
  "pk": 16,
  "fields": {
    "name": "Can view user",
    "content_type": 4,
    "codename": "view_user"
  }
},
{
  "model": "auth.permission",
  "pk": 17,
  "fields": {
    "name": "Can add content type",
    "content_type": 5,
    "codename": "add_contenttype"
  }
},
{
  "model": "auth.permission",
  "pk": 18,
  "fields": {
    "name": "Can change content type",
    "content_type": 5,
    "codename": "change_contenttype"
  }
},
{
  "model": "auth.permission",
  "pk": 19,
  "fields": {
    "name": "Can delete content type",
    "content_type": 5,
    "codename": "delete_contenttype"
  }
},
{
  "model": "auth.permission",
  "pk": 20,
  "fields": {
    "name": "Can view content type",
    "content_type": 5,
    "codename": "view_contenttype"
  }
},
{
  "model": "auth.permission",
  "pk": 21,
  "fields": {
    "name": "Can add session",
    "content_type": 6,
    "codename": "add_session"
  }
},
{
  "model": "auth.permission",
  "pk": 22,
  "fields": {
    "name": "Can change session",
    "content_type": 6,
    "codename": "change_session"
  }
},
{
  "model": "auth.permission",
  "pk": 23,
  "fields": {
    "name": "Can delete session",
    "content_type": 6,
    "codename": "delete_session"
  }
},
{
  "model": "auth.permission",
  "pk": 24,
  "fields": {
    "name": "Can view session",
    "content_type": 6,
    "codename": "view_session"
  }
},
{
  "model": "auth.permission",
  "pk": 25,
  "fields": {
    "name": "Can add product",
    "content_type": 7,
    "codename": "add_product"
  }
},
{
  "model": "auth.permission",
  "pk": 26,
  "fields": {
    "name": "Can change product",
    "content_type": 7,
    "codename": "change_product"
  }
},
{
  "model": "auth.permission",
  "pk": 27,
  "fields": {
    "name": "Can delete product",
    "content_type": 7,
    "codename": "delete_product"
  }
},
{
  "model": "auth.permission",
  "pk": 28,
  "fields": {
    "name": "Can view product",
    "content_type": 7,
    "codename": "view_product"
  }
},
{
  "model": "auth.permission",
  "pk": 29,
  "fields": {
    "name": "Can add product in cart",
    "content_type": 8,
    "codename": "add_productincart"
  }
},
{
  "model": "auth.permission",
  "pk": 30,
  "fields": {
    "name": "Can change product in cart",
    "content_type": 8,
    "codename": "change_productincart"
  }
},
{
  "model": "auth.permission",
  "pk": 31,
  "fields": {
    "name": "Can delete product in cart",
    "content_type": 8,
    "codename": "delete_productincart"
  }
},
{
  "model": "auth.permission",
  "pk": 32,
  "fields": {
    "name": "Can view product in cart",
    "content_type": 8,
    "codename": "view_productincart"
  }
},
{
  "model": "auth.permission",
  "pk": 33,
  "fields": {
    "name": "Can add booking",
    "content_type": 9,
    "codename": "add_booking"
  }
},
{
  "model": "auth.permission",
  "pk": 34,
  "fields": {
    "name": "Can change booking",
    "content_type": 9,
    "codename": "change_booking"
  }
},
{
  "model": "auth.permission",
  "pk": 35,
  "fields": {
    "name": "Can delete booking",
    "content_type": 9,
    "codename": "delete_booking"
  }
},
{
  "model": "auth.permission",
  "pk": 36,
  "fields": {
    "name": "Can view booking",
    "content_type": 9,
    "codename": "view_booking"
  }
},
{
  "model": "auth.permission",
  "pk": 37,
  "fields": {
    "name": "Can add booking product",
    "content_type": 10,
    "codename": "add_bookingproduct"
  }
},
{
  "model": "auth.permission",
  "pk": 38,
  "fields": {
    "name": "Can change booking product",
    "content_type": 10,
    "codename": "change_bookingproduct"
  }
},
{
  "model": "auth.permission",
  "pk": 39,
  "fields": {
    "name": "Can delete booking product",
    "content_type": 10,
    "codename": "delete_bookingproduct"
  }
},
{
  "model": "auth.permission",
  "pk": 40,
  "fields": {
    "name": "Can view booking product",
    "content_type": 10,
    "codename": "view_bookingproduct"
  }
},
{
  "model": "auth.user",
  "pk": 1,
  "fields": {
    "password": "pbkdf2_sha256$390000$A1YoWB7A0rEit7Xx8inSa2$4N15j9nQuLLdcuNLv/DGzpe3nczhE+Js/CGxko7S1DQ=",
    "last_login": "2022-10-14T18:33:20.320Z",
    "is_superuser": true,
    "username": "root",
    "first_name": "",
    "last_name": "",
    "email": "",
    "is_staff": true,
    "is_active": true,
    "date_joined": "2022-09-30T15:43:01.395Z",
    "groups": [],
    "user_permissions": []
  }
},
{
  "model": "contenttypes.contenttype",
  "pk": 1,
  "fields": {
    "app_label": "admin",
    "model": "logentry"
  }
},
{
  "model": "contenttypes.contenttype",
  "pk": 2,
  "fields": {
    "app_label": "auth",
    "model": "permission"
  }
},
{
  "model": "contenttypes.contenttype",
  "pk": 3,
  "fields": {
    "app_label": "auth",
    "model": "group"
  }
},
{
  "model": "contenttypes.contenttype",
  "pk": 4,
  "fields": {
    "app_label": "auth",
    "model": "user"
  }
},
{
  "model": "contenttypes.contenttype",
  "pk": 5,
  "fields": {
    "app_label": "contenttypes",
    "model": "contenttype"
  }
},
{
  "model": "contenttypes.contenttype",
  "pk": 6,
  "fields": {
    "app_label": "sessions",
    "model": "session"
  }
},
{
  "model": "contenttypes.contenttype",
  "pk": 7,
  "fields": {
    "app_label": "products",
    "model": "product"
  }
},
{
  "model": "contenttypes.contenttype",
  "pk": 8,
  "fields": {
    "app_label": "cart",
    "model": "productincart"
  }
},
{
  "model": "contenttypes.contenttype",
  "pk": 9,
  "fields": {
    "app_label": "booking",
    "model": "booking"
  }
},
{
  "model": "contenttypes.contenttype",
  "pk": 10,
  "fields": {
    "app_label": "booking",
    "model": "bookingproduct"
  }
},
{
  "model": "sessions.session",
  "pk": "86valj3p8f8mydi9bfadkdicny84k3qq",
  "fields": {
    "session_data": ".eJxVjMsOwiAQRf-FtSE8CgMu3fcbmhkGpWogKe3K-O_apAvd3nPOfYkJt7VMW8_LNLM4Cy1OvxtheuS6A75jvTWZWl2XmeSuyIN2OTbOz8vh_h0U7OVbJwjgrsqxZVKKUGkO3hMEgyomiBHSAEysvQ_aGQhsY9DR5GyZ8xDF-wPSNTde:1ojPUm:qWcpp56Tf6ng_E9CpQlCt36Or4Y72kdLnBNwQ2oGA6U",
    "expire_date": "2022-10-28T18:33:20.327Z"
  }
},
{
  "model": "sessions.session",
  "pk": "pmr13r9pgllra2lg2a680te17rytmvnm",
  "fields": {
    "session_data": ".eJxVjMsOwiAQRf-FtSE8CgMu3fcbmhkGpWogKe3K-O_apAvd3nPOfYkJt7VMW8_LNLM4Cy1OvxtheuS6A75jvTWZWl2XmeSuyIN2OTbOz8vh_h0U7OVbJwjgrsqxZVKKUGkO3hMEgyomiBHSAEysvQ_aGQhsY9DR5GyZ8xDF-wPSNTde:1oeIAx:GVhFQGDIqADoAr8yKKXoazyq7M3DG45Utz0ZjDt1U14",
    "expire_date": "2022-10-14T15:43:43.102Z"
  }
},
{
  "model": "products.product",
  "pk": 1,
  "fields": {
    "name": "Молоко",
    "description": "Молочный продукт",
    "photo": "https://pk-izhsintez.ru/upload/iblock/378/3783a9bc47027906e8a12ce3399f7c23.jpg",
    "category": "milk",
    "balance": 6,
    "price": "2.33"
  }
},
{
  "model": "products.product",
  "pk": 2,
  "fields": {
    "name": "Сок вишневый",
    "description": "Полезный",
    "photo": "https://www.patee.ru/r/x6/03/be/2a/390x.jpg",
    "category": "juice",
    "balance": 7,
    "price": "5.55"
  }
},
{
  "model": "products.product",
  "pk": 3,
  "fields": {
    "name": "Говядина",
    "description": "Постная",
    "photo": "https://www.gastronom.ru/binfiles/images/20151030/b9ac08ac.jpg",
    "category": "meat",
    "balance": 9,
    "price": "8.88"
  }
},
{
  "model": "products.product",
  "pk": 5,
  "fields": {
    "name": "Халва",
    "description": "Свежая, полезная",
    "photo": "https://gotovim.uz/wp-content/uploads/2021/03/domashnyaya-halva.jpg",
    "category": "other",
    "balance": 4,
    "price": "11.20"
  }
},
{
  "model": "products.product",
  "pk": 7,
  "fields": {
    "name": "Мороженое",
    "description": "пломбир",
    "photo": "https://vsluh.ru/upload/archive/novosti/obshchestvo/258/pravilnyy-sostav-i-khoroshie-e-shki-kak-vybrat-kachestvennoe-morozhenoe_364034/images/ip0k0d4h4bmmm4vex2ua3ci2c6bg9788.jpg",
    "category": "milk",
    "balance": 6,
    "price": "0.21"
  }
},
{
  "model": "products.product",
  "pk": 8,
  "fields": {
    "name": "Кока-кола",
    "description": "гадость",
    "photo": "https://www.kit.kz/upload/catalog/item1180/0_big.jpg",
    "category": "juice",
    "balance": 7,
    "price": "1.01"
  }
},
{
  "model": "products.product",
  "pk": 9,
  "fields": {
    "name": "Жвачка",
    "description": "долго не жуйте",
    "photo": "https://stomatologiya.com.ua/wp-content/uploads/2020/06/gvachka.jpg",
    "category": "other",
    "balance": 2,
    "price": "0.18"
  }
},
{
  "model": "products.product",
  "pk": 10,
  "fields": {
    "name": "Утюг",
    "description": "шикарно греет и гладит вещи",
    "photo": "https://images.satu.kz/171263618_w640_h640_promyshlennyj-utyug-s.jpg",
    "category": "other",
    "balance": 5,
    "price": "0.18"
  }
},
{
  "model": "products.product",
  "pk": 11,
  "fields": {
    "name": "Шоколад",
    "description": "полезный, но далеко не весь",
    "photo": "https://simg.marwin.kz/media/catalog/product/cache/8d1771fdd19ec2393e47701ba45e606d/1/0/ritter_sport_shokolad_extra_nut_molochnyy_s_celnym_mindalem_100gr.jpg",
    "category": "other",
    "balance": 10,
    "price": "0.16"
  }
},
{
  "model": "products.product",
  "pk": 12,
  "fields": {
    "name": "Семена чиа",
    "description": "супер полезные, но на любителя",
    "photo": "https://calorizator.ru/sites/default/files/imagecache/product_512/product/chia-seed.jpg",
    "category": "other",
    "balance": 8,
    "price": "0.18"
  }
},
{
  "model": "products.product",
  "pk": 13,
  "fields": {
    "name": "Кефир",
    "description": "из него сожно сделать много чего",
    "photo": "https://sdelai-lestnicu.ru/wp-content/uploads/0/6/b/06b6c423f0a3edda11cb2ac7a58c7bb7.jpg",
    "category": "milk",
    "balance": 9,
    "price": "0.18"
  }
},
{
  "model": "products.product",
  "pk": 14,
  "fields": {
    "name": "Семечки",
    "description": "мусорные",
    "photo": "https://sreda24.ru/media/k2/items/cache/59acf80fa29c656798f33bf794c089dd_XL.jpg",
    "category": "other",
    "balance": 10,
    "price": "0.14"
  }
},
{
  "model": "products.product",
  "pk": 15,
  "fields": {
    "name": "Огурцы",
    "description": "зелененькие",
    "photo": "https://foodandmood.com.ua/i/70/93/38/709338/image_main/c396720a548af18c29b559c8335b0e31-resize_crop_1Xquality_100Xallow_enlarge_0Xw_1200Xh_630.jpg",
    "category": "other",
    "balance": 11,
    "price": "0.17"
  }
},
{
  "model": "products.product",
  "pk": 16,
  "fields": {
    "name": "Тыква",
    "description": "оранжевая",
    "photo": "https://e3.edimdoma.ru/data/posts/0002/5852/25852-ed4_wide.jpg?1662563287",
    "category": "other",
    "balance": 10,
    "price": "0.15"
  }
},
{
  "model": "products.product",
  "pk": 17,
  "fields": {
    "name": "Геркулесовая каша",
    "description": "полезная",
    "photo": "https://img.delo-vcusa.ru/2021/02/ovsyanaya-kasha-na-moloke-s-medom.jpg",
    "category": "other",
    "balance": 8,
    "price": "0.19"
  }
},
{
  "model": "products.product",
  "pk": 18,
  "fields": {
    "name": "Колбаса",
    "description": "бяяя",
    "photo": "https://inbusiness.kz/uploads/1/images/BCEyuQqP.jpg",
    "category": "meat",
    "balance": 0,
    "price": "1.50"
  }
},
{
  "model": "products.product",
  "pk": 19,
  "fields": {
    "name": "Курт",
    "description": "ла ла ла",
    "photo": "https://ir.ozone.ru/s3/multimedia-u/c1000/6050601774.jpg",
    "category": "milk",
    "balance": 6,
    "price": "0.11"
  }
},
{
  "model": "products.product",
  "pk": 20,
  "fields": {
    "name": "Батон",
    "description": "дрожжевое изделие",
    "photo": "https://rutxt.ru/files/15882/original/bf23a19e6c.JPG",
    "category": "bread",
    "balance": 3,
    "price": "0.16"
  }
},
{
  "model": "booking.booking",
  "pk": 1,
  "fields": {
    "username": "jjjjj",
    "phone": "jj",
    "address": "jj",
    "created_at": "2022-10-16T09:36:56.470Z"
  }
},
{
  "model": "booking.booking",
  "pk": 2,
  "fields": {
    "username": "hjhj",
    "phone": "+7(777)556-74-18",
    "address": "gjkgujh",
    "created_at": "2022-10-16T09:42:55.799Z"
  }
},
{
  "model": "booking.booking",
  "pk": 3,
  "fields": {
    "username": "admin",
    "phone": "+7(777)556-74-18",
    "address": "adadadada",
    "created_at": "2022-10-16T15:53:30.846Z"
  }
},
{
  "model": "booking.booking",
  "pk": 4,
  "fields": {
    "username": "admin",
    "phone": "+7(777)556-74-18",
    "address": "adadadada",
    "created_at": "2022-10-16T16:19:13.554Z"
  }
},
{
  "model": "booking.booking",
  "pk": 5,
  "fields": {
    "username": "admin",
    "phone": "+7(777)556-74-18",
    "address": "adadadada",
    "created_at": "2022-10-16T16:34:18.646Z"
  }
},
{
  "model": "booking.booking",
  "pk": 6,
  "fields": {
    "username": "admin",
    "phone": "+7(777)556-74-18",
    "address": "adadadada",
    "created_at": "2022-10-16T16:39:18.137Z"
  }
},
{
  "model": "booking.booking",
  "pk": 7,
  "fields": {
    "username": "admin",
    "phone": "+7(777)556-74-18",
    "address": "jj",
    "created_at": "2022-10-16T16:41:11.396Z"
  }
},
{
  "model": "booking.booking",
  "pk": 8,
  "fields": {
    "username": "Надежда",
    "phone": "+7(777)556-74-18",
    "address": "adadadada",
    "created_at": "2022-10-16T16:52:16.082Z"
  }
},
{
  "model": "booking.booking",
  "pk": 9,
  "fields": {
    "username": "admin",
    "phone": "+7(777)556-74-18",
    "address": "adadadada",
    "created_at": "2022-10-16T16:59:45.524Z"
  }
},
{
  "model": "booking.booking",
  "pk": 10,
  "fields": {
    "username": "admin",
    "phone": "+7(777)556-74-18",
    "address": "adadadada",
    "created_at": "2022-10-16T17:00:19.320Z"
  }
},
{
  "model": "booking.booking",
  "pk": 11,
  "fields": {
    "username": "Надежда",
    "phone": "+7(777)556-74-18",
    "address": "gjkgujh",
    "created_at": "2022-10-18T03:23:04.471Z"
  }
},
{
  "model": "booking.bookingproduct",
  "pk": 1,
  "fields": {
    "booking": 1,
    "product": 8,
    "quantity": 9
  }
},
{
  "model": "booking.bookingproduct",
  "pk": 2,
  "fields": {
    "booking": 1,
    "product": 9,
    "quantity": 99
  }
},
{
  "model": "booking.bookingproduct",
  "pk": 3,
  "fields": {
    "booking": 1,
    "product": 12,
    "quantity": 6
  }
},
{
  "model": "booking.bookingproduct",
  "pk": 4,
  "fields": {
    "booking": 2,
    "product": 1,
    "quantity": 1
  }
},
{
  "model": "booking.bookingproduct",
  "pk": 5,
  "fields": {
    "booking": 8,
    "product": 8,
    "quantity": 1
  }
},
{
  "model": "booking.bookingproduct",
  "pk": 6,
  "fields": {
    "booking": 8,
    "product": 13,
    "quantity": 1
  }
},
{
  "model": "booking.bookingproduct",
  "pk": 7,
  "fields": {
    "booking": 8,
    "product": 17,
    "quantity": 1
  }
},
{
  "model": "booking.bookingproduct",
  "pk": 8,
  "fields": {
    "booking": 9,
    "product": 8,
    "quantity": 1
  }
},
{
  "model": "booking.bookingproduct",
  "pk": 9,
  "fields": {
    "booking": 9,
    "product": 13,
    "quantity": 1
  }
},
{
  "model": "booking.bookingproduct",
  "pk": 10,
  "fields": {
    "booking": 9,
    "product": 17,
    "quantity": 1
  }
},
{
  "model": "booking.bookingproduct",
  "pk": 11,
  "fields": {
    "booking": 10,
    "product": 8,
    "quantity": 1
  }
},
{
  "model": "booking.bookingproduct",
  "pk": 12,
  "fields": {
    "booking": 10,
    "product": 13,
    "quantity": 1
  }
},
{
  "model": "booking.bookingproduct",
  "pk": 13,
  "fields": {
    "booking": 10,
    "product": 1,
    "quantity": 1
  }
},
{
  "model": "booking.bookingproduct",
  "pk": 14,
  "fields": {
    "booking": 11,
    "product": 3,
    "quantity": 6
  }
},
{
  "model": "booking.bookingproduct",
  "pk": 15,
  "fields": {
    "booking": 11,
    "product": 2,
    "quantity": 6
  }
},
{
  "model": "booking.bookingproduct",
  "pk": 16,
  "fields": {
    "booking": 11,
    "product": 20,
    "quantity": 1
  }
},
{
  "model": "booking.bookingproduct",
  "pk": 17,
  "fields": {
    "booking": 11,
    "product": 8,
    "quantity": 3
  }
},
{
  "model": "booking.bookingproduct",
  "pk": 18,
  "fields": {
    "booking": 11,
    "product": 19,
    "quantity": 1
  }
}
]
